{
    "computation": {
        "recommendation": {
            "Computation Time (s)": 0.7051794528961182,
            "Memory Usage (MB)": 0.12890625
        },
        "shap": {
            "Computation Time (s)": 1.0255427360534668,
            "Memory Usage (MB)": 0.125
        },
        "lime": {
            "Computation Time (s)": 0.8448526859283447,
            "Memory Usage (MB)": 0.25
        }
    }
}