{
    "computation": {
        "recommendation": {
            "Computation Time (s)": 0.3679533004760742,
            "Memory Usage (MB)": 0.0
        },
        "shap": {
            "Computation Time (s)": 0.9361436367034912,
            "Memory Usage (MB)": 0.125
        },
        "lime": {
            "Computation Time (s)": 1.1304161548614502,
            "Memory Usage (MB)": 0.125
        }
    }
}