{
    "computation": {
        "recommendation": {
            "Computation Time (s)": 0.37758564949035645,
            "Memory Usage (MB)": 0.0
        },
        "shap": {
            "Computation Time (s)": 0.990241527557373,
            "Memory Usage (MB)": 0.12890625
        },
        "lime": {
            "Computation Time (s)": 1.0641272068023682,
            "Memory Usage (MB)": 0.0
        }
    }
}