{
    "expected_value": 0.0410427638322992,
    "shap_values": [
        [
            0.07461682958630857,
            0.06763491088779426,
            0.1392974081717023,
            0.12939307164361627,
            -0.07575094765141939,
            -0.15399270246541938,
            -0.18119856231332576
        ],
        [
            -0.17387655135052918,
            -0.11163853241243642,
            0.00040794913275551937,
            0.037358537383899715,
            0.10941476664431547,
            0.14049130144157412,
            -0.0021574605817385414
        ],
        [
            0.09622413969223668,
            0.09410144171972537,
            0.18881392461808244,
            0.053177402947820196,
            -0.26339298556278157,
            -0.11673000134140402,
            -0.05219391480249756
        ],
        [
            0.0008132503086924816,
            0.006439542132572353,
            0.008218314091666396,
            -0.0164935745214827,
            0.0009228257960160678,
            0.0017995037315891237,
            -0.0016998528318030001
        ],
        [
            -0.02547594023704946,
            0.027513754799874814,
            0.040696975747615105,
            -0.06011811582321255,
            -0.013419285891459437,
            -0.013719596622576519,
            0.04452222089842672
        ]
    ],
    "feature_values": {
        "Weight": 103.55906350894102,
        "Height": 1.7468763612683134,
        "BMI": 33.93624436720512,
        "Age": 31,
        "Gender": "Female"
    }
}