{
    "expected_value": 0.04367732371776544,
    "shap_values": [
        [
            0.09550557868260434,
            0.0662509150872678,
            0.12393396866925487,
            0.08456142609317717,
            -0.051503207418062524,
            -0.14361487706869255,
            -0.17513378639272287
        ],
        [
            -0.22016057727577443,
            -0.09184801071798494,
            0.024519988709325927,
            0.046434747389899216,
            0.09977667690504233,
            0.14279561204382954,
            -0.0015184206002840114
        ],
        [
            0.11832818496615059,
            0.08761004903313022,
            0.17306354042693717,
            0.07719795098777273,
            -0.26396479247405297,
            -0.13402094515141522,
            -0.05821397094645862
        ],
        [
            0.00453460248458401,
            0.007634484405535615,
            0.013698210180493872,
            -0.027114048270030545,
            -0.001390033167279383,
            0.0031052570071839003,
            -0.00046845461467215403
        ],
        [
            -0.017096012062467754,
            0.024723520689017314,
            0.05470252615144605,
            -0.06987103524371896,
            -0.022301972188456476,
            -0.012488511995028845,
            0.042331487994725636
        ]
    ],
    "feature_values": {
        "Weight": 57.35868243424251,
        "Height": 1.53405338798891,
        "BMI": 24.37351799890613,
        "Age": 47,
        "Gender": "Female"
    }
}