{
    "expected_value": 0.04367732371776544,
    "shap_values": [
        [
            0.09671218090793328,
            0.034726595869352485,
            0.051913623017568536,
            0.16221115374929457,
            -0.10746983812380907,
            -0.15953085322840796,
            -0.07856285101330107
        ],
        [
            -0.25960106367072133,
            -0.08669840016680437,
            -0.05624695150621621,
            0.14929747184007475,
            0.12123000595896187,
            0.14302792915309787,
            -0.011008987882678678
        ],
        [
            0.12134742092061723,
            0.0492575155400509,
            0.08323146136879461,
            0.2304485562108936,
            -0.2778222261221502,
            -0.1636309518662763,
            -0.04283176630225735
        ],
        [
            -0.0002234864521820973,
            0.00038433617661193893,
            0.004307070321539036,
            -0.005362256804373386,
            8.40290570219854e-05,
            0.0018847052508964804,
            -0.0010743869924794455
        ],
        [
            -0.001864869692067353,
            -0.019646078214896362,
            -0.04586970686768724,
            0.06501562238516034,
            0.027894835678227647,
            0.034025675725239096,
            -0.05955548374415118
        ]
    ],
    "feature_values": {
        "Weight": 70.0,
        "Height": 1.75,
        "BMI": 24.5,
        "Age": 35.0,
        "Gender": "Male"
    }
}