{
    "expected_value": 0.0410427638322992,
    "shap_values": [
        [
            0.09280403276035655,
            0.03898358588273631,
            0.0911030590199249,
            0.14669639443284543,
            -0.11740701079024343,
            -0.17216907300649345,
            -0.08001100603447613
        ],
        [
            -0.2501933898891605,
            -0.08924614281780646,
            -0.02422823313015282,
            0.10792889519137197,
            0.12765187253993604,
            0.1392898509023069,
            -0.011202871682443468
        ],
        [
            0.11340935796114164,
            0.056865640136025415,
            0.12379768002355748,
            0.16320493785157253,
            -0.2762129734822907,
            -0.14425767344101578,
            -0.036806991269538306
        ],
        [
            -0.0013568652308866697,
            0.00228412166126611,
            0.003346755914114892,
            -0.005214660783191286,
            0.0009706909738304323,
            0.0011662420181571254,
            -0.001196301565268429
        ],
        [
            0.004597133723501581,
            -0.01702254986881383,
            -0.03286971017861404,
            0.051082234035408625,
            0.02395244429413354,
            0.03381915712952416,
            -0.0635587229738008
        ]
    ],
    "feature_values": {
        "Weight": 70.0,
        "Height": 1.75,
        "BMI": 24.5,
        "Age": 35.0,
        "Gender": "Male"
    }
}