{
    "expected_value": 0.06925919028023365,
    "shap_values": [
        [
            0.10000247628422863,
            0.02678253885525336,
            0.036085760652864673,
            0.15289276289168424,
            -0.11032392121665045,
            -0.14474661330375668,
            -0.060692993596130874
        ],
        [
            -0.2885067506472424,
            -0.09716633737806075,
            -0.05201141959928159,
            0.17912932165044984,
            0.14194807861015085,
            0.12265532247198702,
            -0.006048203995475107
        ],
        [
            0.11629392082800649,
            0.042886039141547594,
            0.08127198263945407,
            0.1629491076304332,
            -0.2321090867109321,
            -0.13963952250408473,
            -0.03165242900923801
        ],
        [
            -0.0004408177780023041,
            0.0002284715898907054,
            0.004282708286930223,
            -0.0046314362006946,
            0.0012993012280227154,
            0.0007154351381627454,
            -0.001453654246737829
        ],
        [
            0.0034394867641210636,
            -0.024327515468783263,
            -0.051633518270977036,
            0.07079638884986822,
            0.01870491792869447,
            0.02546702225374911,
            -0.042446785936096465
        ]
    ],
    "feature_values": {
        "Weight": 108.36197196449686,
        "Height": 1.9239976181792309,
        "BMI": 29.27304090224833,
        "Age": 37,
        "Gender": "Male"
    }
}