{
    "expected_value": 0.06107525085978053,
    "shap_values": [
        [
            0.09751040323588815,
            0.030110656241077133,
            0.07259292832536184,
            0.13080908429031668,
            -0.1116297266245851,
            -0.15705565817139958,
            -0.06233769966404031
        ],
        [
            -0.2772821706624548,
            -0.10070530989768728,
            -0.020316512306849194,
            0.13543456042285504,
            0.15129511946226776,
            0.11834351006581517,
            -0.006769210723471847
        ],
        [
            0.10996208664855033,
            0.04984573094300918,
            0.1195762775183582,
            0.10728865621536386,
            -0.2349184273716748,
            -0.12433871417736948,
            -0.02741563227664551
        ],
        [
            -0.0011059502693959995,
            0.002029442739473267,
            0.002769019926437554,
            -0.004163087648818986,
            0.000994671295180821,
            0.0003910619791710998,
            -0.0009151727290977848
        ],
        [
            0.010143413344883563,
            -0.022075101404039787,
            -0.03689512704499576,
            0.05672553075426262,
            0.012565163656379441,
            0.02580127822355971,
            -0.04626516802432688
        ]
    ],
    "feature_values": {
        "Weight": 67.00819683225296,
        "Height": 1.9515289559966031,
        "BMI": 17.594540622131355,
        "Age": 20,
        "Gender": "Male"
    }
}