{
    "expected_value": 0.03096858519511078,
    "shap_values": [
        [
            0.09094171656925225,
            0.03492388715802149,
            0.05544400727936107,
            0.17716050860139895,
            -0.15280255142058866,
            -0.1464421861381452,
            -0.05922536875701481
        ],
        [
            -0.22896240137400303,
            -0.08482117599534032,
            -0.047991505637788326,
            0.09563108881269763,
            0.13365157574122868,
            0.13539321713898791,
            -0.0029007902670804553
        ],
        [
            0.10601233984887647,
            0.05562399470568858,
            0.10389502068168653,
            0.19621657046046548,
            -0.26860905826122383,
            -0.16245938321809275,
            -0.030679474809687437
        ],
        [
            0.00013528636767674471,
            0.00031688201426911854,
            0.004363955914912777,
            -0.005940076318148641,
            0.0008662171867787055,
            0.0011618883606705178,
            -0.0009041429916021887
        ],
        [
            0.0009519791244319356,
            -0.021332223801082413,
            -0.04886761862806552,
            0.06465628341980961,
            0.028035706958869866,
            0.023060377741172006,
            -0.04650450689588953
        ]
    ],
    "feature_values": {
        "Weight": 88.30069731344244,
        "Height": 1.731828654237528,
        "BMI": 29.44111753911165,
        "Age": 31,
        "Gender": "Male"
    }
}