{
    "expected_value": 0.027775252516960686,
    "shap_values": [
        [
            0.06510374860014752,
            0.06822824693463063,
            0.14804714417129466,
            0.1433210574094447,
            -0.12382934207733158,
            -0.1438268659383746,
            -0.1570439768961841
        ],
        [
            -0.1454987642942221,
            -0.10776625600322895,
            0.0036250170221097866,
            -0.01669204671819818,
            0.1240523965956574,
            0.1361628470263535,
            0.006116817335310971
        ],
        [
            0.08009865383059873,
            0.10106095102350057,
            0.20948513208674352,
            0.025439464409935428,
            -0.24988563204251063,
            -0.12458362690516489,
            -0.041614933927288565
        ],
        [
            0.0015506397590161881,
            0.006511507822871494,
            0.008183181283024588,
            -0.017953512248556163,
            0.002148923553992462,
            0.0012135938177666335,
            -0.0016543265554219324
        ],
        [
            -0.01568503858054274,
            0.021920572790293413,
            0.03810886224673543,
            -0.059899899127359074,
            -0.022766019592011383,
            -0.013232314759331731,
            0.0515538505576931
        ]
    ],
    "feature_values": {
        "Weight": 108.93128408792376,
        "Height": 1.7649186634249188,
        "BMI": 34.97061193094408,
        "Age": 53,
        "Gender": "Female"
    }
}