{
    "expected_value": 0.027775252516960686,
    "shap_values": [
        [
            0.08263140892510407,
            0.04108973784000749,
            0.0976173006982542,
            0.16114371743019548,
            -0.16408010747722634,
            -0.1565383997388281,
            -0.06186367446609561
        ],
        [
            -0.21054335411349073,
            -0.09264339309211288,
            -0.02079432026861379,
            0.052337281793943986,
            0.1395444204847978,
            0.13525753507406796,
            -0.0031581849479061608
        ],
        [
            0.0945684804926404,
            0.06536471714205026,
            0.14546724241758255,
            0.13383090219134064,
            -0.2650624000385747,
            -0.14764931897806002,
            -0.026519643244801234
        ],
        [
            -0.0011699283453896567,
            0.0022291427215377023,
            0.003456960270715316,
            -0.005707679524154542,
            0.001544665269763089,
            0.0007844243600304754,
            -0.0011376054867572186
        ],
        [
            0.007041173681427013,
            -0.018271644177538265,
            -0.03458286642102154,
            0.052991320931307484,
            0.018954398399731176,
            0.023879391382754217,
            -0.05001178523491931
        ]
    ],
    "feature_values": {
        "Weight": 70.0,
        "Height": 1.75,
        "BMI": 24.5,
        "Age": 35.0,
        "Gender": "Male"
    }
}