{
    "computation": {
        "recommendation": {
            "Computation Time (s)": 0.4514198303222656,
            "Memory Usage (MB)": 0.0
        },
        "shap": {
            "Computation Time (s)": 1.4872448444366455,
            "Memory Usage (MB)": 0.125
        },
        "lime": {
            "Computation Time (s)": 1.0515859127044678,
            "Memory Usage (MB)": 0.375
        }
    }
}