{
    "expected_value": 0.04843705645612126,
    "shap_values": [
        [
            0.08814789568425431,
            0.06780055776023974,
            0.13926859877799935,
            0.07507963291531157,
            -0.04522594469568056,
            -0.15893257559203142,
            -0.16613814171065205
        ],
        [
            -0.21704218867218525,
            -0.08989605451927375,
            0.02610258329144334,
            0.03404825535045275,
            0.09838734260260798,
            0.1469413455334277,
            0.0014587373615696357
        ],
        [
            0.11187625080802964,
            0.08540318215782117,
            0.17622530097424444,
            0.10569166316164072,
            -0.2536019708558918,
            -0.1660586479630996,
            -0.05953575960753895
        ],
        [
            0.00476688876670849,
            0.007159568734561215,
            0.012530798863358353,
            -0.02566248746007722,
            -0.001154731432644462,
            0.0026908220839834524,
            -0.0003308428584419395
        ],
        [
            -0.011396802530066256,
            0.020155906632185278,
            0.04865949305627293,
            -0.06034698266639077,
            -0.03090682307688758,
            -0.016405859641195203,
            0.05024107171978823
        ]
    ],
    "feature_values": {
        "Weight": 106.2605893083057,
        "Height": 1.8124881234949195,
        "BMI": 32.34609674307092,
        "Age": 26,
        "Gender": "Female"
    }
}