{
    "expected_value": 0.04877173105206788,
    "shap_values": [
        [
            0.08414592376944076,
            0.039233110167088914,
            0.10511897803407742,
            0.14365924496774593,
            -0.11190327785054756,
            -0.19069434186588344,
            -0.06955965865613849
        ],
        [
            -0.24982941117823004,
            -0.08858127720344161,
            -0.021534616827469488,
            0.09904422650245809,
            0.1220645338073666,
            0.14564175865121073,
            -0.006805223227426513
        ],
        [
            0.10748998900218787,
            0.05576800334184541,
            0.12478345753885646,
            0.18978124279828254,
            -0.2682969468198802,
            -0.17234649776744018,
            -0.03717926641592492
        ],
        [
            -0.0008476225628659338,
            0.0019489792087324296,
            0.0025633214578313357,
            -0.004366367115110632,
            0.0009067475264041783,
            0.0011350781830969092,
            -0.0013401532135090875
        ],
        [
            0.010572423074651255,
            -0.0206217512934252,
            -0.03675561393012716,
            0.054788129265410435,
            0.020743225266972948,
            0.026074014171468735,
            -0.0548004408685146
        ]
    ],
    "feature_values": {
        "Weight": 70.0,
        "Height": 1.75,
        "BMI": 24.5,
        "Age": 35.0,
        "Gender": "Male"
    }
}