{
    "expected_value": 0.04877173105206788,
    "shap_values": [
        [
            0.06631297655326879,
            0.06817676162434126,
            0.15558660615814393,
            0.12057068362400288,
            -0.06697441653602583,
            -0.17357192328678334,
            -0.17010067772561102
        ],
        [
            -0.1719213411634571,
            -0.11073855228818791,
            0.0027445003348263905,
            0.022377372012133134,
            0.10704139248238165,
            0.1464848481897712,
            0.004011798570113461
        ],
        [
            0.08869421202238754,
            0.09359227608332032,
            0.18950759596452985,
            0.08272980587159598,
            -0.25300510485803723,
            -0.14795575827829202,
            -0.05356302158139453
        ],
        [
            0.0011207762031217009,
            0.0060458873504572515,
            0.007143501562262315,
            -0.014897513995870032,
            0.0009674067007636884,
            0.0016530560448809002,
            -0.0020331043808606603
        ],
        [
            -0.019633862835430536,
            0.02285715358499186,
            0.035478342366397464,
            -0.048254350190441914,
            -0.02569564605946112,
            -0.016800210155839573,
            0.05204858663082812
        ]
    ],
    "feature_values": {
        "Weight": 86.00449525128892,
        "Height": 1.7027388143001292,
        "BMI": 29.66368354690829,
        "Age": 41,
        "Gender": "Female"
    }
}