{
    "computation": {
        "recommendation": {
            "Computation Time (s)": 0.7036118507385254,
            "Memory Usage (MB)": 0.0
        },
        "shap": {
            "Computation Time (s)": 0.9450714588165283,
            "Memory Usage (MB)": 0.12890625
        },
        "lime": {
            "Computation Time (s)": 1.73997163772583,
            "Memory Usage (MB)": 0.125
        }
    }
}