{
    "expected_value": 0.08545125394463265,
    "shap_values": [
        [
            0.09718253977413886,
            0.06147852526710598,
            0.11158388120850965,
            0.11344699751345258,
            -0.06680283372538479,
            -0.15134496832569239,
            -0.16554411888435058
        ],
        [
            -0.24152446266266006,
            -0.10136892728795695,
            0.03826604754557853,
            0.08045440393798826,
            0.08220600070607931,
            0.13701964351150436,
            0.004947313636985218
        ],
        [
            0.0962576255098059,
            0.07797159838644066,
            0.17277294217467598,
            0.07680108671748587,
            -0.22134537796899875,
            -0.15266367997720998,
            -0.04979417464640176
        ],
        [
            0.005269252352995247,
            0.008004165508012848,
            0.01567945791977345,
            -0.03035422577863303,
            -0.0017252892257714376,
            0.0033846858855242075,
            -0.00025802712620237513
        ],
        [
            -0.017847108406050388,
            0.02337015345543257,
            0.05031292660901038,
            -0.0624321027459116,
            -0.022469725962429105,
            -0.023542973976731496,
            0.05260883474600339
        ]
    ],
    "feature_values": {
        "Weight": 57.14078808515713,
        "Height": 1.7577211399989128,
        "BMI": 18.49465668260482,
        "Age": 22,
        "Gender": "Female"
    }
}