{
    "expected_value": 0.07974061402385207,
    "shap_values": [
        [
            0.0765974109557774,
            0.061573168823844726,
            0.12468685450412985,
            0.1634060348409864,
            -0.08560679227066992,
            -0.16626521938836653,
            -0.17439144374165066
        ],
        [
            -0.19222189782989207,
            -0.123510040294181,
            0.012622370622295702,
            0.06705926334904705,
            0.0956951002693228,
            0.13772771192019606,
            0.0026275027115589852
        ],
        [
            0.07579171494591833,
            0.08494750448803061,
            0.18830150617648453,
            0.05238413395137186,
            -0.22245146964120163,
            -0.1341001460187193,
            -0.0448732328636995
        ],
        [
            0.0010145797171399575,
            0.006596535274385542,
            0.009042919675895378,
            -0.01790929273804723,
            0.0013247530380947588,
            0.0016179774966982152,
            -0.0016874587425827717
        ],
        [
            -0.0275779299808374,
            0.026682266900370857,
            0.03845106284306771,
            -0.05110931294411844,
            -0.017057260639253835,
            -0.025018454770808635,
            0.055629639253311186
        ]
    ],
    "feature_values": {
        "Weight": 57.14078808515713,
        "Height": 1.7577211399989128,
        "BMI": 18.49465668260482,
        "Age": 22,
        "Gender": "Female"
    }
}