{
    "expected_value": 0.07974061402385207,
    "shap_values": [
        [
            0.09541041836091828,
            0.032790839908856485,
            0.07633715929885931,
            0.17855197166764253,
            -0.12286739484741457,
            -0.18869206395146884,
            -0.07153094106030554
        ],
        [
            -0.2761503964872916,
            -0.09854273996372769,
            -0.009477234712345014,
            0.13791167661274262,
            0.11863749748638411,
            0.13311991706475101,
            -0.005498736921708681
        ],
        [
            0.09127147368387514,
            0.05044828402879418,
            0.12728752063914198,
            0.1622496701945508,
            -0.23939810186161853,
            -0.1615696155648359,
            -0.03028924824763149
        ],
        [
            -0.001641967751806893,
            0.0024676035387611516,
            0.003995211182989474,
            -0.005994967780007009,
            0.0012371263211208804,
            0.0010135532315872489,
            -0.0010765753871600087
        ],
        [
            0.01167289132770477,
            -0.023061014454356252,
            -0.04132296269976393,
            0.061492954861676996,
            0.015475853858515076,
            0.030090077317681874,
            -0.05434781566084601
        ]
    ],
    "feature_values": {
        "Weight": 70.0,
        "Height": 1.75,
        "BMI": 24.5,
        "Age": 35.0,
        "Gender": "Male"
    }
}