{
    "expected_value": 0.04388433941056929,
    "shap_values": [
        [
            0.0910591041341838,
            0.03490002435709225,
            0.0852215360195855,
            0.12235868524426781,
            -0.09406017925816913,
            -0.17446433351345011,
            -0.06501485550479065
        ],
        [
            -0.25103346699189183,
            -0.09067672042922822,
            -0.03300817697256165,
            0.14117110122423304,
            0.11675577283593841,
            0.12495587565663994,
            -0.008164403023962695
        ],
        [
            0.11450694139838495,
            0.057157716077285696,
            0.1186755247873224,
            0.17752468699120358,
            -0.2858438776129569,
            -0.15516928627358936,
            -0.026851728736745958
        ],
        [
            -0.0020539785391262026,
            0.002551197133800277,
            0.0039124086682803556,
            -0.005931134247777904,
            3.931734794211509e-05,
            0.0024343052123049517,
            -0.0009521318964840564
        ],
        [
            0.0039400937451317605,
            -0.014988294661698917,
            -0.028878401443754753,
            0.048036320662727394,
            0.011566083925748705,
            0.030792595477474927,
            -0.050468410617819995
        ]
    ],
    "feature_values": {
        "Weight": 96.99202257822272,
        "Height": 1.9315443238625292,
        "BMI": 25.997204997440548,
        "Age": 63,
        "Gender": "Male"
    }
}