{
    "expected_value": 0.045054471960288556,
    "shap_values": [
        [
            0.09254736042003084,
            0.06187302301439924,
            0.11824914128018313,
            0.0657628522849331,
            -0.053755030963243265,
            -0.1412318918160611,
            -0.14344543400836254
        ],
        [
            -0.2205760361875602,
            -0.09389885283321577,
            0.012850239697049307,
            0.08126953962552927,
            0.08808169903322126,
            0.12995165292102806,
            0.002321771923869646
        ],
        [
            0.12032649137290868,
            0.08733270724080042,
            0.1687009691317856,
            0.08782594714562406,
            -0.26650774371563835,
            -0.1521468917789095,
            -0.04553146596057434
        ],
        [
            0.005022934068343665,
            0.008368107319624837,
            0.016026090356301304,
            -0.031010231650108293,
            -0.002074546432412009,
            0.0035816108233403528,
            8.60512966699281e-05
        ],
        [
            -0.017586121121149344,
            0.027525635032358067,
            0.06224713592504311,
            -0.07619103620677756,
            -0.025816816308229046,
            -0.011508899973003084,
            0.041330106822911855
        ]
    ],
    "feature_values": {
        "Weight": 67.4419679870067,
        "Height": 1.61742939088169,
        "BMI": 25.779801769624395,
        "Age": 20,
        "Gender": "Female"
    }
}