{
    "expected_value": 0.03527971169691514,
    "shap_values": [
        [
            0.09021529305560805,
            0.06599011767321637,
            0.13111085244385884,
            0.09205352763937533,
            -0.05006303870853751,
            -0.17425801444581032,
            -0.15504871540471468
        ],
        [
            -0.20125706002990396,
            -0.07843523830841911,
            0.03372397695234165,
            -0.0039340926943200365,
            0.09069644515358524,
            0.15274021088543194,
            0.006465775568083462
        ],
        [
            0.10591764976971359,
            0.08721694586362726,
            0.1804470118554646,
            0.10104721268284554,
            -0.2406874318337532,
            -0.18690190303691795,
            -0.04703946468652
        ],
        [
            0.004050320730022754,
            0.0068041509750261225,
            0.010855579507378125,
            -0.02244038040788273,
            -0.00031069213791056426,
            0.0016074543305096974,
            -0.0005664171876758146
        ],
        [
            -0.00941681470949337,
            0.02352309353156505,
            0.0537129352615931,
            -0.07937978338469509,
            -0.02706251400299617,
            -0.021666866026227,
            0.06028995185622277
        ]
    ],
    "feature_values": {
        "Weight": 66.60238436417065,
        "Height": 1.8211094452035568,
        "BMI": 20.08249573881499,
        "Age": 49,
        "Gender": "Female"
    }
}