{
    "expected_value": 0.03619751843035077,
    "shap_values": [
        [
            0.08631737412480099,
            0.039393208185663275,
            0.09542158745778177,
            0.1501124591040001,
            -0.09722279652359235,
            -0.21092545991761127,
            -0.06309638894417471
        ],
        [
            -0.22429795649149645,
            -0.08040783460348044,
            -0.012886239835688242,
            0.04579928748055205,
            0.12935110145858797,
            0.14917451285112626,
            -0.006732885487669481
        ],
        [
            0.09969828480730211,
            0.05837830921233627,
            0.12983958409699692,
            0.1949195354937399,
            -0.2658706209203343,
            -0.19101233692638686,
            -0.025952774074972488
        ],
        [
            -0.0010338805276926507,
            0.0018235368400258156,
            0.0024492634991723308,
            -0.004425390798172725,
            0.001224687106631506,
            0.0011999518121672851,
            -0.0012381798481256414
        ],
        [
            0.0034216928139870137,
            -0.015346468303859724,
            -0.03156057789494485,
            0.051668001096521976,
            0.011047638217226152,
            0.028217641702959706,
            -0.04744793789788394
        ]
    ],
    "feature_values": {
        "Weight": 70.0,
        "Height": 1.75,
        "BMI": 24.5,
        "Age": 35.0,
        "Gender": "Male"
    }
}