{
    "expected_value": 0.044963240025215484,
    "shap_values": [
        [
            0.11373646835818854,
            0.03657599872058723,
            0.04525662891418403,
            0.1912742704511411,
            -0.15146755148378852,
            -0.15499582740514908,
            -0.0803799752956295
        ],
        [
            -0.2941545022895727,
            -0.09472517920828664,
            -0.05451186715003022,
            0.16817293807830858,
            0.1365895767877441,
            0.14666087580209766,
            -0.008031833338664616
        ],
        [
            0.13274338141018888,
            0.04730654738731129,
            0.06894889876369423,
            0.16624011827505483,
            -0.23550551146164805,
            -0.13946953002899784,
            -0.04026388957634556
        ],
        [
            -0.00045423310108447,
            -0.0004283114782152319,
            0.004603377767380562,
            -0.003572536763376982,
            -0.00021942238635952216,
            0.0014897463223256734,
            -0.0014186178921420304
        ],
        [
            0.003213151328409408,
            -0.01655697688310937,
            -0.039680867057215845,
            0.05636232766392668,
            0.02149323509662776,
            0.03537173638630774,
            -0.06020261001933938
        ]
    ],
    "feature_values": {
        "Weight": 98.24141625498716,
        "Height": 1.9162327082840345,
        "BMI": 26.754578717339765,
        "Age": 61,
        "Gender": "Male"
    }
}