{
    "expected_value": 0.04311107433641265,
    "shap_values": [
        [
            0.11050390119303709,
            0.04065051111044453,
            0.08594264172846881,
            0.1705048624418877,
            -0.1582129786584245,
            -0.1667512776653695,
            -0.08263767964883079
        ],
        [
            -0.28577059096387536,
            -0.09378143825926934,
            -0.019719189969242747,
            0.12573354122419914,
            0.1374458454055806,
            0.1447482365978603,
            -0.008656423014314614
        ],
        [
            0.12472218219406331,
            0.05373616298824789,
            0.10773304979315643,
            0.10175137667445326,
            -0.23219539011256968,
            -0.12101876506736226,
            -0.034728628500020335
        ],
        [
            -0.0018609297639523548,
            0.0020370785580771274,
            0.0033864908660096965,
            -0.004328894925917645,
            0.0013753159894380111,
            0.000898451526403437,
            -0.0015075287066702722
        ],
        [
            0.009597396161566435,
            -0.0155328226330127,
            -0.029365017478276023,
            0.046437659351406646,
            0.017119407156470673,
            0.036715110278077376,
            -0.06497174569884831
        ]
    ],
    "feature_values": {
        "Weight": 70.0,
        "Height": 1.75,
        "BMI": 24.5,
        "Age": 35.0,
        "Gender": "Male"
    }
}