{
    "expected_value": 0.04311107433641265,
    "shap_values": [
        [
            0.08807192680973669,
            0.0715550357382457,
            0.14179496197082495,
            0.15070512671697509,
            -0.1175374605702405,
            -0.14595761053733455,
            -0.18863197521969108
        ],
        [
            -0.19528595616762692,
            -0.12057018856199045,
            0.0006039312358981284,
            0.045126211167043906,
            0.12356960111659979,
            0.14412688429115655,
            0.002429522349251185
        ],
        [
            0.1034109787024779,
            0.09181074779575168,
            0.17096452081903227,
            -0.0028166344841189664,
            -0.2140652507776778,
            -0.0980808025563087,
            -0.051223544566707614
        ],
        [
            0.00025764707450726967,
            0.006232572661316572,
            0.008665630840737513,
            -0.01579483040768556,
            0.0009746622020325898,
            0.0016401412484511229,
            -0.001975810174941716
        ],
        [
            -0.026221178923549283,
            0.030267786265286846,
            0.04223395018661463,
            -0.057501807323551674,
            -0.028590002390913777,
            -0.007136855635070674,
            0.046948125937993884
        ]
    ],
    "feature_values": {
        "Weight": 101.16194215207376,
        "Height": 1.7937997864335256,
        "BMI": 31.43903611416712,
        "Age": 63,
        "Gender": "Female"
    }
}