{
    "expected_value": 0.05211005468006581,
    "shap_values": [
        [
            0.06540433781149771,
            0.06477659541290612,
            0.14382649805722067,
            0.1209597770672323,
            -0.04693485696135962,
            -0.16862749456680554,
            -0.179404850927312
        ],
        [
            -0.1581613700198273,
            -0.10458220414307726,
            0.003166457187336194,
            0.019871289310089135,
            0.10817831421261545,
            0.13153308770970615,
            -5.5672250886016596e-06
        ],
        [
            0.07464900675510446,
            0.08890106639018179,
            0.2085890794659117,
            0.0440241079554479,
            -0.22207076785773144,
            -0.1415122336060173,
            -0.052580249948129154
        ],
        [
            0.0006970482076787548,
            0.007044090038664277,
            0.0084914687437796,
            -0.01704561848078295,
            0.0010130369217906299,
            0.0014878522332341197,
            -0.001687863742571457
        ],
        [
            -0.021354585602561135,
            0.02262693092004498,
            0.03251934234949111,
            -0.04714136671391517,
            -0.005832004500218646,
            -0.012687224671347502,
            0.03186891903620448
        ]
    ],
    "feature_values": {
        "Weight": 85.15552948146549,
        "Height": 1.7088193723382823,
        "BMI": 29.162216912918147,
        "Age": 22,
        "Gender": "Female"
    }
}