{
    "expected_value": 0.055926953651643956,
    "shap_values": [
        [
            0.08707945910778943,
            0.032904970637151906,
            0.05608672842260563,
            0.15832949682209144,
            -0.07951833380380433,
            -0.17177567530112745,
            -0.08310663750472803
        ],
        [
            -0.23945560166456023,
            -0.08022130461992248,
            -0.048100247920873994,
            0.1235647214292357,
            0.12175628757657668,
            0.1325184414809401,
            -0.010062293648003512
        ],
        [
            0.09663054131028898,
            0.04660514283492732,
            0.10399745564405265,
            0.2144996593143296,
            -0.23274588629693413,
            -0.18369830173064186,
            -0.04528860357945385
        ],
        [
            0.00020734161310409407,
            0.0008781483917341249,
            0.004517329841901119,
            -0.006042620344966095,
            -0.00021215791916679992,
            0.0016675418018191259,
            -0.0010155671680713596
        ],
        [
            -0.00034118828692108333,
            -0.02496284504655611,
            -0.05920299774627949,
            0.08235135362816354,
            0.03191603218167641,
            0.034821288554514634,
            -0.06458164855083559
        ]
    ],
    "feature_values": {
        "Weight": 93.48283639938684,
        "Height": 1.966310964362876,
        "BMI": 24.178395606785703,
        "Age": 54,
        "Gender": "Male"
    }
}