{
    "expected_value": 0.05211005468006581,
    "shap_values": [
        [
            0.0816774854459253,
            0.0371408231956407,
            0.09540038720534487,
            0.13896403315549916,
            -0.07666946049924353,
            -0.19186925758418732,
            -0.08464403104496793
        ],
        [
            -0.22774674483740368,
            -0.08450178815699692,
            -0.020202599639106675,
            0.08380953359136735,
            0.12645466843567463,
            0.13100652634224036,
            -0.008819612929741422
        ],
        [
            0.08887907240315203,
            0.053042112239022186,
            0.1434719446451155,
            0.1558871818705951,
            -0.23879794208560876,
            -0.1634422537085937,
            -0.0390401344361441
        ],
        [
            -0.0015885938500898372,
            0.00270012545649935,
            0.00363281724363379,
            -0.00506187011009575,
            0.0006641500065458827,
            0.0008726113229409371,
            -0.0012192550985538958
        ],
        [
            0.006971759315602129,
            -0.02180125624956826,
            -0.04199472376423957,
            0.0674497897280717,
            0.023882956158422952,
            0.033626359585085225,
            -0.06813490319207838
        ]
    ],
    "feature_values": {
        "Weight": 70.0,
        "Height": 1.75,
        "BMI": 24.5,
        "Age": 35.0,
        "Gender": "Male"
    }
}