{
    "computation": {
        "recommendation": {
            "Computation Time (s)": 0.3702714443206787,
            "Memory Usage (MB)": 0.0
        },
        "shap": {
            "Computation Time (s)": 0.9285156726837158,
            "Memory Usage (MB)": 7.00390625
        },
        "lime": {
            "Computation Time (s)": 1.0009839534759521,
            "Memory Usage (MB)": 3.75
        }
    }
}