{
    "expected_value": 0.07030615814840241,
    "shap_values": [
        [
            0.0851311070188822,
            0.03681364992141161,
            0.0799710958875784,
            0.12544757210825075,
            -0.1324245546584723,
            -0.12944494727572498,
            -0.06549390543814732
        ],
        [
            -0.2362874496925653,
            -0.08365955921775113,
            -0.1100106213817141,
            0.18173051375066315,
            0.1497877797695069,
            0.11072406149446284,
            -0.012284706090762825
        ],
        [
            0.10121486089381734,
            0.04954643464382009,
            0.10489367771031272,
            0.1103755472210074,
            -0.20956315906127423,
            -0.12155943295466268,
            -0.03490790889333635
        ],
        [
            -0.0050277406766428365,
            -0.0013931156925877004,
            0.0027088978509372114,
            0.0002814380046881881,
            0.003035290404051408,
            0.001339583395051452,
            -0.0009443337036458185
        ],
        [
            -0.011402698051542752,
            -0.018062425542596565,
            -0.0398109469231613,
            0.07650731764378887,
            0.0182079082130501,
            0.02615449320360036,
            -0.05159363583968829
        ]
    ],
    "feature_values": {
        "Weight": 70.0,
        "Height": 1.75,
        "BMI": 24.5,
        "Age": 35.0,
        "Gender": "Male"
    }
}