{
    "expected_value": 0.07196576028667591,
    "shap_values": [
        [
            0.10985062555045509,
            0.06670111970707462,
            0.16883384105422292,
            -0.0013010511878615188,
            -0.1325604262384154,
            -0.14040684190931357,
            -0.07111729046385512
        ],
        [
            -0.25987428802982954,
            -0.06112965507164133,
            0.04850830971211392,
            -0.029021961437807796,
            0.18953317739148812,
            0.12167911564744836,
            -0.009694719792530159
        ],
        [
            0.13783012101587644,
            0.09060489810196144,
            0.2062667014944591,
            -0.02617908234353207,
            -0.23728910778446582,
            -0.1298083285714242,
            -0.04142522674698009
        ],
        [
            -0.0028811624882719962,
            -0.0013136114297663739,
            -0.005916097975418556,
            0.007255008670025461,
            0.00040263421934832463,
            0.0015919117068779673,
            0.0008612965170229053
        ],
        [
            0.0022976560533711325,
            -0.009025057270230397,
            -0.0076566397264082875,
            0.007739281495648315,
            0.026915562863114584,
            0.033418451923220446,
            -0.05368926312834324
        ]
    ],
    "feature_values": {
        "Weight": 70.0,
        "Height": 1.75,
        "BMI": 24.5,
        "Age": 35.0,
        "Gender": "Male"
    }
}