{
    "expected_value": 0.07030615814840241,
    "shap_values": [
        [
            0.10119388613857364,
            0.06671366303797634,
            0.14282758153761543,
            0.027546630083906072,
            -0.08903371983272608,
            -0.11505919862027504,
            -0.1341888471305455
        ],
        [
            -0.17606204691884628,
            -0.0631211046021318,
            -0.0610534546226826,
            0.05602353512803415,
            0.13661837047673328,
            0.11449327661303174,
            -0.006898579019704354
        ],
        [
            0.11962583113873713,
            0.08442978963714563,
            0.17728785706472214,
            -0.01598119085844506,
            -0.2074584219205846,
            -0.11029690242730478,
            -0.04760696589651836
        ],
        [
            0.0016806190620199024,
            0.0028480205614271822,
            0.009821429501274147,
            -0.015579369526220972,
            0.0009863351124851738,
            0.0019110622746383145,
            -0.0016681007350477831
        ],
        [
            -0.007762271980279019,
            0.021415992001552475,
            0.056612123972983264,
            -0.07838072422799569,
            -0.013286577820939005,
            -0.0038345201365565518,
            0.025235965470998656
        ]
    ],
    "feature_values": {
        "Weight": 96.66841433467832,
        "Height": 1.8133716153907145,
        "BMI": 29.39753850918049,
        "Age": 20,
        "Gender": "Female"
    }
}