{
    "computation": {
        "recommendation": {
            "Computation Time (s)": 0.39816951751708984,
            "Memory Usage (MB)": 0.0
        },
        "shap": {
            "Computation Time (s)": 0.9820775985717773,
            "Memory Usage (MB)": 0.25
        },
        "lime": {
            "Computation Time (s)": 1.1280291080474854,
            "Memory Usage (MB)": 0.125
        }
    }
}