{
    "expected_value": 0.09873591742502486,
    "shap_values": [
        [
            0.08248286774973229,
            0.03310261310388438,
            0.09483636626721238,
            0.16020303175783024,
            -0.08610312371234255,
            -0.2014283194400752,
            -0.08309345773767796
        ],
        [
            -0.27189386510601593,
            -0.08953396959425663,
            -0.001125728468943693,
            0.142238830475629,
            0.12036558385391037,
            0.10971162259947975,
            -0.009762495759417924
        ],
        [
            0.08064977582096121,
            0.05248438831765719,
            0.12884017950298252,
            0.16925615079898568,
            -0.2294761226719931,
            -0.167429681711878,
            -0.03432470456787403
        ],
        [
            -0.001700275798153294,
            0.0026536277899460075,
            0.0037952343369813944,
            -0.005547979573692209,
            0.0010948382351859472,
            0.0010666798894037317,
            -0.0013621393940427024
        ],
        [
            0.012028613065702645,
            -0.021984525498033976,
            -0.039308922308395944,
            0.06273635944827166,
            0.011232908683257298,
            0.03971077148107979,
            -0.06441522138871833
        ]
    ],
    "feature_values": {
        "Weight": 70.0,
        "Height": 1.75,
        "BMI": 24.5,
        "Age": 35.0,
        "Gender": "Male"
    }
}