{
    "expected_value": 0.09873591742502486,
    "shap_values": [
        [
            0.06556204733863809,
            0.06119640332684719,
            0.14397163490266576,
            0.15241368630518376,
            -0.06250252147304138,
            -0.17380526929141338,
            -0.18683597618899217
        ],
        [
            -0.1901287099283667,
            -0.11430105085351161,
            0.021122356992016287,
            0.07023237292367537,
            0.10537800080517373,
            0.11147743798759827,
            -0.003780398971243145
        ],
        [
            0.06756399997610903,
            0.08557864486372423,
            0.1860095339415247,
            0.05891350544488914,
            -0.21078990166372738,
            -0.13846561855317785,
            -0.04881015606818643
        ],
        [
            0.0007129286048598787,
            0.006784403146073198,
            0.00861796788946775,
            -0.016729815077574085,
            0.0010323662168786945,
            0.001607420657421803,
            -0.002025260900446119
        ],
        [
            -0.02910169158430686,
            0.02965019577018682,
            0.04360065571715355,
            -0.05632383578651612,
            -0.01718450969796048,
            -0.01918289684113439,
            0.04854209717572586
        ]
    ],
    "feature_values": {
        "Weight": 75.77359485971601,
        "Height": 1.7205097591736362,
        "BMI": 25.59785713014073,
        "Age": 23,
        "Gender": "Female"
    }
}