{
    "expected_value": 0.10550903963942344,
    "shap_values": [
        [
            0.08588794026919291,
            0.02903699058559071,
            0.05698145128867408,
            0.18213058744436184,
            -0.09340243327863085,
            -0.18063437025625587,
            -0.0800001545192993
        ],
        [
            -0.2828325031721415,
            -0.08616570873190761,
            -0.032575937755678,
            0.18482857349669804,
            0.1107820760786517,
            0.11512239042340536,
            -0.009158879580915899
        ],
        [
            0.08772145018705023,
            0.04525767680511378,
            0.08965123572672466,
            0.2318010164901135,
            -0.22245536052474738,
            -0.19142869084048134,
            -0.040547317910737124
        ],
        [
            0.0005154606693509109,
            0.0007334318976252662,
            0.004076352309472757,
            -0.005270758086348173,
            -0.00039219934447286086,
            0.0013296167253920507,
            -0.0009918929003941643
        ],
        [
            0.0032461181384691312,
            -0.023331540004620142,
            -0.053527155443769264,
            0.07235573604510304,
            0.021492166389117773,
            0.03849495433329497,
            -0.0587302836635486
        ]
    ],
    "feature_values": {
        "Weight": 52.71686509283795,
        "Height": 1.867600751892336,
        "BMI": 15.114072321639044,
        "Age": 32,
        "Gender": "Male"
    }
}