{
    "computation": {
        "recommendation": {
            "Computation Time (s)": 0.3791372776031494,
            "Memory Usage (MB)": 0.0
        },
        "shap": {
            "Computation Time (s)": 0.9212646484375,
            "Memory Usage (MB)": 7.03515625
        },
        "lime": {
            "Computation Time (s)": 1.0182361602783203,
            "Memory Usage (MB)": 3.875
        }
    }
}