{
    "expected_value": 0.04785944541204712,
    "shap_values": [
        [
            0.09146328411054017,
            0.03448532114064782,
            0.08300590024645492,
            0.15392837605738116,
            -0.12332330974753963,
            -0.1689516341523041,
            -0.0706079560334751
        ],
        [
            -0.24769156085492988,
            -0.08480519508539644,
            -0.02197309635649813,
            0.09493316327039045,
            0.13449264644967282,
            0.13362429879808116,
            -0.00858027419265051
        ],
        [
            0.10427763260732177,
            0.05746709563225998,
            0.145369801402328,
            0.15777763094697445,
            -0.2780838981718667,
            -0.15255306889497078,
            -0.03425520745271901
        ],
        [
            -0.0016110585298320975,
            0.002255274920432355,
            0.0037974878538116104,
            -0.005373624285016843,
            0.0011298164291414252,
            0.0011348710531354767,
            -0.0013327852340054623
        ],
        [
            0.006005290412104701,
            -0.01819300265347524,
            -0.03508578875750376,
            0.056372328864027654,
            0.016359482420395588,
            0.029542766164727258,
            -0.05500109181871286
        ]
    ],
    "feature_values": {
        "Weight": 70.0,
        "Height": 1.75,
        "BMI": 24.5,
        "Age": 35.0,
        "Gender": "Male"
    }
}