{
    "expected_value": 0.04729169387762125,
    "shap_values": [
        [
            0.09300891872735453,
            0.062047949457649146,
            0.11755415251174424,
            0.09534984839034448,
            -0.0757594172679649,
            -0.13952772219937948,
            -0.15267371510062097
        ],
        [
            -0.21708905725346261,
            -0.08811958778882364,
            0.02692268757045504,
            0.034326772613569596,
            0.0999570174872459,
            0.14155769973951154,
            0.002444487028572486
        ],
        [
            0.11038037070639087,
            0.08962400894415948,
            0.19279075999732795,
            0.06919196894735045,
            -0.2615555718859953,
            -0.14747585955414372,
            -0.05295566011090415
        ],
        [
            0.005422375123688208,
            0.007891308595054604,
            0.014247065307327257,
            -0.02819376662981675,
            -0.0009912529762105085,
            0.002625724443950722,
            -0.0010014329033361518
        ],
        [
            -0.01422520066873004,
            0.021705412397400148,
            0.05179816855551578,
            -0.06240545415430038,
            -0.023332739535647906,
            -0.014207926047922148,
            0.040667741400197105
        ]
    ],
    "feature_values": {
        "Weight": 77.30579949752274,
        "Height": 1.5268026283106912,
        "BMI": 33.16242480346631,
        "Age": 37,
        "Gender": "Female"
    }
}