{
    "Accuracy": 0.82,
    "Precision": 0.7966612957520729,
    "Recall": 0.82,
    "F1-Score": 0.8041962406207828,
    "ROC-AUC": 0.9790799800158679,
    "Log-Loss": 0.46181921525884034,
    "Matthews-Correlation-Coefficient": 0.7727090950951304,
    "Cohen-Kappa-Score": 0.7706579822489279,
    "Loss": 0.46181923151016235
}