{
    "RMSE": 1.1514515840829866,
    "MAE": 0.9102357190427476,
    "Precision@K": 0.3058252427184466,
    "Recall@K": 0.259038372630606,
    "F1-Score@K": 0.2670332210554131,
    "Hit Ratio": 0.5381414701803051,
    "Coverage": 1.0,
    "NDCG@K": 0.3686916039453178
}