{
    "Accuracy": 0.822,
    "Precision": 0.7982883151120218,
    "Recall": 0.822,
    "F1-Score": 0.8083269503703467,
    "ROC-AUC": 0.9786587904098577,
    "Log-Loss": 0.4496674398977616,
    "Matthews-Correlation-Coefficient": 0.7746222886060132,
    "Cohen-Kappa-Score": 0.7734659957187618,
    "Loss": 0.44966748356819153
}