{
    "Accuracy": 0.826,
    "Precision": 0.8091897737977357,
    "Recall": 0.826,
    "F1-Score": 0.8124907769497245,
    "ROC-AUC": 0.9789681640572997,
    "Log-Loss": 0.44614437003270974,
    "Matthews-Correlation-Coefficient": 0.7811498509742232,
    "Cohen-Kappa-Score": 0.7787610619469026,
    "Loss": 0.44614434242248535
}