{
    "computation": {
        "recommendation": {
            "Computation Time (s)": 0.6903963088989258,
            "Memory Usage (MB)": 0.0
        },
        "shap": {
            "Computation Time (s)": 1.0120587348937988,
            "Memory Usage (MB)": 0.125
        },
        "lime": {
            "Computation Time (s)": 1.0301055908203125,
            "Memory Usage (MB)": 0.625
        }
    }
}