{
    "expected_value": 0.04222066764045211,
    "shap_values": [
        [
            -0.01716468867985936,
            -0.013140923566040217,
            -0.030204764982921583,
            -0.19019109794522435,
            -0.14026784415841284,
            0.157842748969228,
            0.23312658133801256
        ],
        [
            -0.0030348410372082347,
            0.00013252762196353773,
            0.0032097662367303404,
            -0.010478771709487435,
            -0.017571183066845433,
            0.003870708516104394,
            0.02387180221225362
        ],
        [
            -0.01718307589002704,
            -0.013176598532459297,
            -0.0305423137998905,
            -0.12192590192067043,
            -0.04228401870854232,
            0.17558066948211368,
            0.049531244048937245
        ],
        [
            -0.0005512813751247932,
            -0.0001110936863790929,
            -0.0009251127200282703,
            -0.000212653068894748,
            0.006249407814412179,
            -0.008331971798754549,
            0.0038827103935473563
        ],
        [
            -0.00428678064412906,
            0.0012074192634923958,
            0.003826106711274084,
            -0.012976887954205651,
            -0.06701372946586631,
            -0.1480790597241865,
            0.22732293738642428
        ]
    ],
    "feature_values": {
        "Weight": 0.9009654600823567,
        "Height": 0.6126471873941499,
        "BMI": 0.9496449572458511,
        "Age": 0.9574468085106383,
        "Gender": 0.0
    }
}